Datum;Uhrzeit;ug/m
28.12.18;01:00;45,602
28.12.18;02:00;43,345
28.12.18;03:00;42,888
28.12.18;04:00;
28.12.18;05:00;42,848
28.12.18;06:00;40,862
28.12.18;07:00;50,347
28.12.18;08:00;50,484
28.12.18;09:00;59,23
28.12.18;10:00;59,48
28.12.18;11:00;55,082
28.12.18;12:00;59,513
28.12.18;13:00;54,062
28.12.18;14:00;53,338
28.12.18;15:00;71,153
28.12.18;16:00;65,651
28.12.18;17:00;66,938
28.12.18;18:00;55,546
28.12.18;19:00;52,432
28.12.18;20:00;57,545
28.12.18;21:00;47,594
28.12.18;22:00;54,236
28.12.18;23:00;43,714
29.12.18;00:00;47,848
29.12.18;01:00;46,175
29.12.18;02:00;41,877
29.12.18;03:00;40,682
29.12.18;04:00;42,707
29.12.18;05:00;
29.12.18;06:00;43,669
29.12.18;07:00;39,174
29.12.18;08:00;36,725
29.12.18;09:00;40,745
29.12.18;10:00;32,056
29.12.18;11:00;44,494
29.12.18;12:00;41,729
29.12.18;13:00;36,891
29.12.18;14:00;50,304
29.12.18;15:00;53,873
29.12.18;16:00;50,235
29.12.18;17:00;40,455
29.12.18;18:00;37,228
29.12.18;19:00;23,504
29.12.18;20:00;19,632
29.12.18;21:00;15,394
29.12.18;22:00;20,618
29.12.18;23:00;13,298
30.12.18;00:00;11,611
30.12.18;01:00;5,383
30.12.18;02:00;6,273
30.12.18;03:00;7,286
30.12.18;04:00;6,312
30.12.18;05:00;7,459
30.12.18;06:00;10,986
30.12.18;07:00;7,777
30.12.18;08:00;7,292
30.12.18;09:00;17,264
30.12.18;10:00;17,939
30.12.18;11:00;20,013
30.12.18;12:00;22,379
30.12.18;13:00;30,69
30.12.18;14:00;29,931
30.12.18;15:00;42,899
30.12.18;16:00;42,004
30.12.18;17:00;46,747
30.12.18;18:00;68,791
30.12.18;19:00;60,862
30.12.18;20:00;52,343
30.12.18;21:00;39,701
30.12.18;22:00;37,482
30.12.18;23:00;
31.12.18;00:00;39,833
31.12.18;01:00;25,388
31.12.18;02:00;22,556
31.12.18;03:00;19,969
31.12.18;04:00;19,404
31.12.18;05:00;19,022
31.12.18;06:00;14,378
31.12.18;07:00;19,02
31.12.18;08:00;27,888
31.12.18;09:00;28,828
31.12.18;10:00;34,768
31.12.18;11:00;54,802
31.12.18;12:00;41,71
31.12.18;13:00;36,659
31.12.18;14:00;43,597
31.12.18;15:00;50,535
31.12.18;16:00;34,099
31.12.18;17:00;24,47
31.12.18;18:00;39,875
31.12.18;19:00;37,529
31.12.18;20:00;25,56
31.12.18;21:00;26,819
31.12.18;22:00;31,216
31.12.18;23:00;23,643
01.01.19;00:00;
01.01.19;01:00;36,517
01.01.19;02:00;26,269
01.01.19;03:00;22,402
01.01.19;04:00;16,199
01.01.19;05:00;16,309
01.01.19;06:00;15,826
01.01.19;07:00;14,759
01.01.19;08:00;13,537
01.01.19;09:00;9,954
01.01.19;10:00;6,352
01.01.19;11:00;7,288
01.01.19;12:00;9,33
01.01.19;13:00;7,792
01.01.19;14:00;8,711
01.01.19;15:00;8,033
01.01.19;16:00;11,72
01.01.19;17:00;10,129
01.01.19;18:00;10,047
01.01.19;19:00;9,717
01.01.19;20:00;11,796
01.01.19;21:00;7,608
01.01.19;22:00;7,678
01.01.19;23:00;11,419
02.01.19;00:00;4,73
02.01.19;01:00;
02.01.19;02:00;5,437
02.01.19;03:00;4,441
02.01.19;04:00;5,66
02.01.19;05:00;5,38
02.01.19;06:00;4,971
02.01.19;07:00;10,991
02.01.19;08:00;35,264
02.01.19;09:00;34,295
02.01.19;10:00;28,984
02.01.19;11:00;19,918
02.01.19;12:00;
02.01.19;13:00;
02.01.19;14:00;
02.01.19;15:00;21,177
02.01.19;16:00;30,03
02.01.19;17:00;42,379
02.01.19;18:00;68,273
02.01.19;19:00;70,358
02.01.19;20:00;80,803
02.01.19;21:00;78,472
02.01.19;22:00;70,503
02.01.19;23:00;64,454
03.01.19;00:00;64,17
03.01.19;01:00;46,493
03.01.19;02:00;50,901
03.01.19;03:00;34,107
03.01.19;04:00;28,297
03.01.19;05:00;24,137
03.01.19;06:00;27,9
03.01.19;07:00;50,869
03.01.19;08:00;68,098
03.01.19;09:00;66,194
03.01.19;10:00;68,91
03.01.19;11:00;
03.01.19;12:00;56,804
03.01.19;13:00;48,541
03.01.19;14:00;34,898
03.01.19;15:00;60,784
03.01.19;16:00;54,517
03.01.19;17:00;92,881
03.01.19;18:00;89,998
03.01.19;19:00;78,246
03.01.19;20:00;86,176
03.01.19;21:00;73,916
03.01.19;22:00;72,316
03.01.19;23:00;
04.01.19;00:00;59,348
04.01.19;01:00;40,076
04.01.19;02:00;36,703
04.01.19;03:00;30,061
04.01.19;04:00;27,566
04.01.19;05:00;19,566
04.01.19;06:00;31,132
04.01.19;07:00;34,37
04.01.19;08:00;43,867
04.01.19;09:00;51,752
04.01.19;10:00;41,837
04.01.19;11:00;57,24
04.01.19;12:00;45,319
04.01.19;13:00;45,315
04.01.19;14:00;40,38
04.01.19;15:00;30,215
04.01.19;16:00;39,114
04.01.19;17:00;54,904
04.01.19;18:00;41,132
04.01.19;19:00;34,34
04.01.19;20:00;28,467
04.01.19;21:00;27,162
04.01.19;22:00;21,934
04.01.19;23:00;18,66
05.01.19;00:00;
05.01.19;01:00;14,942
05.01.19;02:00;14,372
05.01.19;03:00;9,393
05.01.19;04:00;5,221
05.01.19;05:00;8,295
05.01.19;06:00;5,835
05.01.19;07:00;1,482
05.01.19;08:00;5,052
05.01.19;09:00;8,828
05.01.19;10:00;
05.01.19;11:00;10,615
05.01.19;12:00;23,644
05.01.19;13:00;9,23
05.01.19;14:00;17,702
05.01.19;15:00;16,924
05.01.19;16:00;22,038
05.01.19;17:00;19,159
05.01.19;18:00;17,566
05.01.19;19:00;24,698
05.01.19;20:00;18,918
05.01.19;21:00;18,5
05.01.19;22:00;19,06
05.01.19;23:00;16,995
06.01.19;00:00;19,108
06.01.19;01:00;
06.01.19;02:00;10,503
06.01.19;03:00;10,186
06.01.19;04:00;12,729
06.01.19;05:00;11,222
06.01.19;06:00;12,376
06.01.19;07:00;12,356
06.01.19;08:00;13,951
06.01.19;09:00;13,821
06.01.19;10:00;16,668
06.01.19;11:00;15,485
06.01.19;12:00;15,117
06.01.19;13:00;12,892
06.01.19;14:00;15,775
06.01.19;15:00;18,418
06.01.19;16:00;26,631
06.01.19;17:00;30,609
06.01.19;18:00;36,016
06.01.19;19:00;40,33
06.01.19;20:00;36,143
06.01.19;21:00;25,113
06.01.19;22:00;28,318
06.01.19;23:00;21,788
07.01.19;00:00;22,786
07.01.19;01:00;16,413
07.01.19;02:00;
07.01.19;03:00;12,547
07.01.19;04:00;12,83
07.01.19;05:00;11,441
07.01.19;06:00;22,662
07.01.19;07:00;38,442
07.01.19;08:00;47,538
07.01.19;09:00;63,515
07.01.19;10:00;58,171
07.01.19;11:00;49,504
07.01.19;12:00;49,639
07.01.19;13:00;45,474
07.01.19;14:00;41,292
07.01.19;15:00;62,36
07.01.19;16:00;53,733
07.01.19;17:00;48,342
07.01.19;18:00;38,203
07.01.19;19:00;43,525
07.01.19;20:00;28,012
07.01.19;21:00;22,964
07.01.19;22:00;24,134
07.01.19;23:00;18,436
08.01.19;00:00;14,292
08.01.19;01:00;5,678
08.01.19;02:00;5,881
08.01.19;03:00;
08.01.19;04:00;5,554
08.01.19;05:00;4,262
08.01.19;06:00;7,088
08.01.19;07:00;19,273
08.01.19;08:00;18,574
08.01.19;09:00;52,934
08.01.19;10:00;22,985
08.01.19;11:00;14,594
08.01.19;12:00;16,33
08.01.19;13:00;15,443
08.01.19;14:00;20,109
08.01.19;15:00;12,79
08.01.19;16:00;17,171
08.01.19;17:00;19,155
08.01.19;18:00;38,326
08.01.19;19:00;28,151
08.01.19;20:00;11,671
08.01.19;21:00;13,623
08.01.19;22:00;13,268
08.01.19;23:00;11,103
09.01.19;00:00;9,829
09.01.19;01:00;9,116
09.01.19;02:00;6,566
09.01.19;03:00;4,553
09.01.19;04:00;
09.01.19;05:00;4,481
09.01.19;06:00;7,687
09.01.19;07:00;12,782
09.01.19;08:00;20,318
09.01.19;09:00;30,986
09.01.19;10:00;17,171
09.01.19;11:00;15,332
09.01.19;12:00;20,027
09.01.19;13:00;16,394
09.01.19;14:00;28,429
09.01.19;15:00;21,721
09.01.19;16:00;25,225
09.01.19;17:00;37,562
09.01.19;18:00;35,913
09.01.19;19:00;28,363
09.01.19;20:00;25,512
09.01.19;21:00;20,521
09.01.19;22:00;17,872
09.01.19;23:00;20,619
10.01.19;00:00;15,375
10.01.19;01:00;10,75
10.01.19;02:00;9,763
10.01.19;03:00;14,317
10.01.19;04:00;16,19
10.01.19;05:00;
10.01.19;06:00;41,283
10.01.19;07:00;
10.01.19;08:00;80,141
10.01.19;09:00;71,624
10.01.19;10:00;60,56
10.01.19;11:00;62,861
10.01.19;12:00;
10.01.19;13:00;
10.01.19;14:00;
10.01.19;15:00;76,879
10.01.19;16:00;66,269
10.01.19;17:00;70,342
10.01.19;18:00;80,221
10.01.19;19:00;72,462
10.01.19;20:00;63,396
10.01.19;21:00;47,314
10.01.19;22:00;37,643
10.01.19;23:00;36,697
11.01.19;00:00;21,899
11.01.19;01:00;20,931
11.01.19;02:00;16,179
11.01.19;03:00;18,461
11.01.19;04:00;19,923
11.01.19;05:00;24,082
11.01.19;06:00;35,503
11.01.19;07:00;40,874
11.01.19;08:00;66,459
11.01.19;09:00;61,749
11.01.19;10:00;52,946
11.01.19;11:00;43,384
11.01.19;12:00;45,519
11.01.19;13:00;49,301
11.01.19;14:00;33,406
11.01.19;15:00;40,905
11.01.19;16:00;32,027
11.01.19;17:00;40,012
11.01.19;18:00;35,501
11.01.19;19:00;37,117
11.01.19;20:00;47,858
11.01.19;21:00;22,194
11.01.19;22:00;27,897
11.01.19;23:00;27,788
12.01.19;00:00;38,84
12.01.19;01:00;25,911
12.01.19;02:00;25,304
12.01.19;03:00;16,826
12.01.19;04:00;14,096
12.01.19;05:00;13,857
12.01.19;06:00;17,782
12.01.19;07:00;20,258
12.01.19;08:00;20,362
12.01.19;09:00;23,314
12.01.19;10:00;39,779
12.01.19;11:00;29,907
12.01.19;12:00;33,886
12.01.19;13:00;35,147
12.01.19;14:00;35,399
12.01.19;15:00;34,848
12.01.19;16:00;30,378
12.01.19;17:00;44,61
12.01.19;18:00;28,871
12.01.19;19:00;29,07
12.01.19;20:00;22,98
12.01.19;21:00;21,097
12.01.19;22:00;19,168
12.01.19;23:00;
13.01.19;00:00;16,611
13.01.19;01:00;21,007
13.01.19;02:00;16,236
13.01.19;03:00;10,977
13.01.19;04:00;17,767
13.01.19;05:00;12,917
13.01.19;06:00;15,38
13.01.19;07:00;14,085
13.01.19;08:00;10,136
13.01.19;09:00;10,097
13.01.19;10:00;15,565
13.01.19;11:00;13,394
13.01.19;12:00;16,36
13.01.19;13:00;22,498
13.01.19;14:00;20,681
13.01.19;15:00;21,403
13.01.19;16:00;14,675
13.01.19;17:00;7,788
13.01.19;18:00;17,307
13.01.19;19:00;13,842
13.01.19;20:00;13,245
13.01.19;21:00;8,54
13.01.19;22:00;12,695
13.01.19;23:00;9,327
14.01.19;00:00;
14.01.19;01:00;3,639
14.01.19;02:00;4,207
14.01.19;03:00;6,739
14.01.19;04:00;5,124
14.01.19;05:00;6,912
14.01.19;06:00;14,308
14.01.19;07:00;21,692
14.01.19;08:00;14,947
14.01.19;09:00;32,139
14.01.19;10:00;33,319
14.01.19;11:00;35,761
14.01.19;12:00;32,609
14.01.19;13:00;33,391
14.01.19;14:00;15,331
14.01.19;15:00;34,41
14.01.19;16:00;47,535
14.01.19;17:00;41,17
14.01.19;18:00;40,881
14.01.19;19:00;60,463
14.01.19;20:00;44,16
14.01.19;21:00;35,839
14.01.19;22:00;36,241
14.01.19;23:00;19,067
15.01.19;00:00;29,538
15.01.19;01:00;16,129
15.01.19;02:00;12,25
15.01.19;03:00;9,777
15.01.19;04:00;9,941
15.01.19;05:00;8,544
15.01.19;06:00;25,645
15.01.19;07:00;29,417
15.01.19;08:00;57,376
15.01.19;09:00;39,14
15.01.19;10:00;40,924
15.01.19;11:00;43,126
15.01.19;12:00;36,612
15.01.19;13:00;39,507
15.01.19;14:00;
15.01.19;15:00;21,68
15.01.19;16:00;35,935
15.01.19;17:00;53,656
15.01.19;18:00;42,691
15.01.19;19:00;32,047
15.01.19;20:00;36,674
15.01.19;21:00;25,299
15.01.19;22:00;30,275
15.01.19;23:00;16,491
16.01.19;00:00;19,798
16.01.19;01:00;14,733
16.01.19;02:00;13,491
16.01.19;03:00;10,319
16.01.19;04:00;9,898
16.01.19;05:00;13,605
16.01.19;06:00;15,636
16.01.19;07:00;30,257
16.01.19;08:00;34,065
16.01.19;09:00;49,944
16.01.19;10:00;58,769
16.01.19;11:00;41,814
16.01.19;12:00;32,102
16.01.19;13:00;32,626
16.01.19;14:00;34,304
16.01.19;15:00;30,963
16.01.19;16:00;40,03
16.01.19;17:00;46,953
16.01.19;18:00;40,835
16.01.19;19:00;34,534
16.01.19;20:00;28,089
16.01.19;21:00;26,682
16.01.19;22:00;22,081
16.01.19;23:00;22,942
17.01.19;00:00;19,973
17.01.19;01:00;15,42
17.01.19;02:00;11,983
17.01.19;03:00;7,209
17.01.19;04:00;10,216
17.01.19;05:00;12,332
17.01.19;06:00;21,788
17.01.19;07:00;28,925
17.01.19;08:00;48,163
17.01.19;09:00;41,201
17.01.19;10:00;
17.01.19;11:00;
17.01.19;12:00;
17.01.19;13:00;
17.01.19;14:00;
17.01.19;15:00;
17.01.19;16:00;38,178
17.01.19;17:00;69,123
17.01.19;18:00;60,679
17.01.19;19:00;47,438
17.01.19;20:00;46,182
17.01.19;21:00;39,638
17.01.19;22:00;27,33
17.01.19;23:00;22,297
18.01.19;00:00;23,078
18.01.19;01:00;29,472
18.01.19;02:00;24,582
18.01.19;03:00;22,737
18.01.19;04:00;27,182
18.01.19;05:00;21,792
18.01.19;06:00;42,545
18.01.19;07:00;53,755
18.01.19;08:00;74,356
18.01.19;09:00;71,852
18.01.19;10:00;98,244
18.01.19;11:00;71,584
18.01.19;12:00;66,208
18.01.19;13:00;61,945
18.01.19;14:00;51,88
18.01.19;15:00;69,398
18.01.19;16:00;67,299
18.01.19;17:00;73,067
18.01.19;18:00;77,346
18.01.19;19:00;73,627
18.01.19;20:00;70,475
18.01.19;21:00;54,484
18.01.19;22:00;64,016
18.01.19;23:00;61,853
19.01.19;00:00;60,106
19.01.19;01:00;52,706
19.01.19;02:00;50,02
19.01.19;03:00;55,225
19.01.19;04:00;52,262
19.01.19;05:00;49,459
19.01.19;06:00;51,71
19.01.19;07:00;57,322
19.01.19;08:00;55,698
19.01.19;09:00;58,493
19.01.19;10:00;59,877
19.01.19;11:00;63,47
19.01.19;12:00;66,608
19.01.19;13:00;74,089
19.01.19;14:00;66,448
19.01.19;15:00;66,742
19.01.19;16:00;75,816
19.01.19;17:00;81,208
19.01.19;18:00;87,615
19.01.19;19:00;86,237
19.01.19;20:00;80,483
19.01.19;21:00;70,398
19.01.19;22:00;65,96
19.01.19;23:00;
20.01.19;00:00;63,43
20.01.19;01:00;55,836
20.01.19;02:00;50,335
20.01.19;03:00;48,872
20.01.19;04:00;46,461
20.01.19;05:00;42,476
20.01.19;06:00;45,933
20.01.19;07:00;36,489
20.01.19;08:00;36,675
20.01.19;09:00;34,856
20.01.19;10:00;34,414
20.01.19;11:00;34,35
20.01.19;12:00;35,339
20.01.19;13:00;33,343
20.01.19;14:00;36,166
20.01.19;15:00;59,984
20.01.19;16:00;58,577
20.01.19;17:00;59,625
20.01.19;18:00;65,697
20.01.19;19:00;69,772
20.01.19;20:00;72,279
20.01.19;21:00;54,613
20.01.19;22:00;56,367
20.01.19;23:00;55,975
21.01.19;00:00;
21.01.19;01:00;42,431
21.01.19;02:00;41,147
21.01.19;03:00;38,88
21.01.19;04:00;49,515
21.01.19;05:00;38,271
21.01.19;06:00;38,226
21.01.19;07:00;35,497
21.01.19;08:00;43,718
21.01.19;09:00;55,108
21.01.19;10:00;62,312
21.01.19;11:00;62,123
21.01.19;12:00;
21.01.19;13:00;
21.01.19;14:00;
21.01.19;15:00;
21.01.19;16:00;59,607
21.01.19;17:00;68,877
21.01.19;18:00;84,725
21.01.19;19:00;69,955
21.01.19;20:00;58,951
21.01.19;21:00;54,221
21.01.19;22:00;49,975
21.01.19;23:00;50,834
22.01.19;00:00;53,831
22.01.19;01:00;48,557
22.01.19;02:00;51,512
22.01.19;03:00;47,953
22.01.19;04:00;50,093
22.01.19;05:00;54,616
22.01.19;06:00;54,787
22.01.19;07:00;66,449
22.01.19;08:00;79,283
22.01.19;09:00;79,373
22.01.19;10:00;64,713
22.01.19;11:00;56,919
22.01.19;12:00;68,5
22.01.19;13:00;46,526
22.01.19;14:00;48,552
22.01.19;15:00;52,525
22.01.19;16:00;56,687
22.01.19;17:00;67,413
22.01.19;18:00;64,457
22.01.19;19:00;58,538
22.01.19;20:00;47,455
22.01.19;21:00;46,586
22.01.19;22:00;48,464
22.01.19;23:00;
23.01.19;00:00;40,613
23.01.19;01:00;35,948
23.01.19;02:00;30,669
23.01.19;03:00;27,857
23.01.19;04:00;25,32
23.01.19;05:00;23,416
23.01.19;06:00;31,671
23.01.19;07:00;46,355
23.01.19;08:00;68,08
23.01.19;09:00;53,421
23.01.19;10:00;54,717
23.01.19;11:00;48,968
23.01.19;12:00;51,332
23.01.19;13:00;54,506
23.01.19;14:00;48,157
23.01.19;15:00;45,696
23.01.19;16:00;46,258
23.01.19;17:00;53,908
23.01.19;18:00;59,645
23.01.19;19:00;64,443
23.01.19;20:00;55,719
23.01.19;21:00;52,751
23.01.19;22:00;49,756
23.01.19;23:00;36,097
24.01.19;00:00;
24.01.19;01:00;23,5
24.01.19;02:00;18,411
24.01.19;03:00;20,589
24.01.19;04:00;20,581
24.01.19;05:00;27,469
24.01.19;06:00;34,766
24.01.19;07:00;48,974
24.01.19;08:00;57,527
24.01.19;09:00;56,03
24.01.19;10:00;62,062
24.01.19;11:00;52,465
24.01.19;12:00;56,949
24.01.19;13:00;53,003
24.01.19;14:00;63,104
24.01.19;15:00;50,97
24.01.19;16:00;49,199
24.01.19;17:00;62,038
24.01.19;18:00;57,1
24.01.19;19:00;62,2
24.01.19;20:00;47,731
24.01.19;21:00;41,149
24.01.19;22:00;47,454
24.01.19;23:00;35,108
25.01.19;00:00;39,418
25.01.19;01:00;
25.01.19;02:00;20,705
25.01.19;03:00;20,302
25.01.19;04:00;29,516
25.01.19;05:00;27,467
25.01.19;06:00;29,912
25.01.19;07:00;35,621
25.01.19;08:00;51,016
25.01.19;09:00;63,579
25.01.19;10:00;47,127
25.01.19;11:00;69,325
25.01.19;12:00;47,23
25.01.19;13:00;74,806
25.01.19;14:00;60,144
25.01.19;15:00;64,613
25.01.19;16:00;61,988
25.01.19;17:00;68,143
25.01.19;18:00;56,054
25.01.19;19:00;56,513
25.01.19;20:00;55,553
25.01.19;21:00;57,74
25.01.19;22:00;51,027
25.01.19;23:00;44,923
26.01.19;00:00;38,952
26.01.19;01:00;39,508
26.01.19;02:00;
26.01.19;03:00;36,375
26.01.19;04:00;39,012
26.01.19;05:00;37,661
26.01.19;06:00;44,095
26.01.19;07:00;52,21
26.01.19;08:00;41,442
26.01.19;09:00;32,536
26.01.19;10:00;32,724
26.01.19;11:00;45,311
26.01.19;12:00;40,811
26.01.19;13:00;52,567
26.01.19;14:00;56,425
26.01.19;15:00;49,132
26.01.19;16:00;48,32
26.01.19;17:00;43,539
26.01.19;18:00;54,308
26.01.19;19:00;46,208
26.01.19;20:00;55,36
26.01.19;21:00;42,249
26.01.19;22:00;43,176
26.01.19;23:00;34,238
27.01.19;00:00;27,373
27.01.19;01:00;25,281
27.01.19;02:00;25,5
27.01.19;03:00;
27.01.19;04:00;25,915
27.01.19;05:00;24,364
27.01.19;06:00;19,066
27.01.19;07:00;16,229
27.01.19;08:00;18,654
27.01.19;09:00;16,979
27.01.19;10:00;25,007
27.01.19;11:00;22,828
27.01.19;12:00;24,67
27.01.19;13:00;29,153
27.01.19;14:00;35,574
27.01.19;15:00;38,686
27.01.19;16:00;44,187
27.01.19;17:00;48,641
27.01.19;18:00;41,183
27.01.19;19:00;54,391
27.01.19;20:00;45,007
27.01.19;21:00;44,225
27.01.19;22:00;38,301
27.01.19;23:00;28,753
28.01.19;00:00;20,068
28.01.19;01:00;18,472
28.01.19;02:00;14,539
28.01.19;03:00;14,809
28.01.19;04:00;
28.01.19;05:00;12,47
28.01.19;06:00;19,048
28.01.19;07:00;26,308
28.01.19;08:00;57,842
28.01.19;09:00;42,881
28.01.19;10:00;70,66
28.01.19;11:00;48,591
28.01.19;12:00;51,957
28.01.19;13:00;28,366
28.01.19;14:00;24,956
28.01.19;15:00;21,33
28.01.19;16:00;18,676
28.01.19;17:00;23,612
28.01.19;18:00;29,549
28.01.19;19:00;26,587
28.01.19;20:00;46,459
28.01.19;21:00;49,334
28.01.19;22:00;46,237
28.01.19;23:00;38,311
29.01.19;00:00;34,225
29.01.19;01:00;20,143
29.01.19;02:00;13,221
29.01.19;03:00;15,131
29.01.19;04:00;16,256
29.01.19;05:00;
29.01.19;06:00;34,375
29.01.19;07:00;53,331
29.01.19;08:00;73,332
29.01.19;09:00;72,335
29.01.19;10:00;81,095
29.01.19;11:00;67,151
29.01.19;12:00;81,84
29.01.19;13:00;60,323
29.01.19;14:00;57,248
29.01.19;15:00;49,237
29.01.19;16:00;66,608
29.01.19;17:00;67,508
29.01.19;18:00;65,977
29.01.19;19:00;86,018
29.01.19;20:00;69,379
29.01.19;21:00;59,303
29.01.19;22:00;55,918
29.01.19;23:00;47,621
30.01.19;00:00;48
30.01.19;01:00;40,846
30.01.19;02:00;26,384
30.01.19;03:00;22,061
30.01.19;04:00;23,323
30.01.19;05:00;29,505
30.01.19;06:00;37,573
30.01.19;07:00;51,458
30.01.19;08:00;73,513
30.01.19;09:00;76,785
30.01.19;10:00;61,502
30.01.19;11:00;61,123
30.01.19;12:00;61,115
30.01.19;13:00;58,843
30.01.19;14:00;74,588
30.01.19;15:00;64,919
30.01.19;16:00;76,039
30.01.19;17:00;66,833
30.01.19;18:00;72,921
30.01.19;19:00;74,271
30.01.19;20:00;53,153
30.01.19;21:00;50,924
30.01.19;22:00;46,865
30.01.19;23:00;
31.01.19;00:00;43,433
31.01.19;01:00;33,991
31.01.19;02:00;29,212
31.01.19;03:00;31,978
31.01.19;04:00;34,882
31.01.19;05:00;37,151
31.01.19;06:00;54,354
31.01.19;07:00;45,446
31.01.19;08:00;74,685
31.01.19;09:00;59,753
31.01.19;10:00;66,303
31.01.19;11:00;67,966
31.01.19;12:00;59,309
31.01.19;13:00;47,71
31.01.19;14:00;53,482
31.01.19;15:00;57,172
31.01.19;16:00;60,117
31.01.19;17:00;86,076
31.01.19;18:00;95,357
31.01.19;19:00;84,506
31.01.19;20:00;77,993
31.01.19;21:00;67,077
31.01.19;22:00;66,942
31.01.19;23:00;59,287
01.02.19;00:00;
01.02.19;01:00;32,825
01.02.19;02:00;33,958
01.02.19;03:00;26,842
01.02.19;04:00;28,899
01.02.19;05:00;28,697
01.02.19;06:00;31,874
01.02.19;07:00;34,567
01.02.19;08:00;44,555
01.02.19;09:00;48,145
01.02.19;10:00;47,002
01.02.19;11:00;59,529
01.02.19;12:00;53,712
01.02.19;13:00;54,473
01.02.19;14:00;62,77
01.02.19;15:00;56,419
01.02.19;16:00;54,861
01.02.19;17:00;63,025
01.02.19;18:00;57,852
01.02.19;19:00;58,317
01.02.19;20:00;48,173
01.02.19;21:00;52,315
01.02.19;22:00;50,031
01.02.19;23:00;44,914
02.02.19;00:00;37,526
02.02.19;01:00;
02.02.19;02:00;33,115
02.02.19;03:00;34,252
02.02.19;04:00;31,235
02.02.19;05:00;25,778
02.02.19;06:00;27,556
02.02.19;07:00;31,785
02.02.19;08:00;37,072
02.02.19;09:00;31,624
02.02.19;10:00;33,957
02.02.19;11:00;28,052
02.02.19;12:00;44,661
02.02.19;13:00;52,125
02.02.19;14:00;36,027
02.02.19;15:00;45,715
02.02.19;16:00;33,907
02.02.19;17:00;36,026
02.02.19;18:00;30,808
02.02.19;19:00;38,32
02.02.19;20:00;37,415
02.02.19;21:00;50,237
02.02.19;22:00;43,057
02.02.19;23:00;45,921
03.02.19;00:00;50,253
03.02.19;01:00;44,725
03.02.19;02:00;
03.02.19;03:00;38,517
03.02.19;04:00;41,189
03.02.19;05:00;37,27
03.02.19;06:00;19,405
03.02.19;07:00;19,563
03.02.19;08:00;19,962
03.02.19;09:00;24,088
03.02.19;10:00;27,863
03.02.19;11:00;19,998
03.02.19;12:00;17,866
03.02.19;13:00;14,807
03.02.19;14:00;28,252
03.02.19;15:00;17,978
03.02.19;16:00;21,392
03.02.19;17:00;29,958
03.02.19;18:00;65,887
03.02.19;19:00;90,589
03.02.19;20:00;76,912
03.02.19;21:00;68,545
03.02.19;22:00;68,664
03.02.19;23:00;62,543
04.02.19;00:00;48,319
04.02.19;01:00;30,167
04.02.19;02:00;28,053
04.02.19;03:00;
04.02.19;04:00;27,953
04.02.19;05:00;31,233
04.02.19;06:00;36,972
04.02.19;07:00;41,466
04.02.19;08:00;66,179
04.02.19;09:00;62,076
04.02.19;10:00;49,639
04.02.19;11:00;58,103
04.02.19;12:00;46,287
04.02.19;13:00;44,72
04.02.19;14:00;42,734
04.02.19;15:00;50,166
04.02.19;16:00;48,414
04.02.19;17:00;48,952
04.02.19;18:00;43,807
04.02.19;19:00;40,158
04.02.19;20:00;44,968
04.02.19;21:00;34,214
04.02.19;22:00;23,879
04.02.19;23:00;24,547
05.02.19;00:00;19,799
05.02.19;01:00;13,758
05.02.19;02:00;12,863
05.02.19;03:00;12,438
05.02.19;04:00;
05.02.19;05:00;14,203
05.02.19;06:00;19,317
05.02.19;07:00;38,241
05.02.19;08:00;39,203
05.02.19;09:00;44,584
05.02.19;10:00;43,611
05.02.19;11:00;
05.02.19;12:00;46,063
05.02.19;13:00;36,65
05.02.19;14:00;41,493
05.02.19;15:00;43,174
05.02.19;16:00;49,955
05.02.19;17:00;60,635
05.02.19;18:00;63,208
05.02.19;19:00;68,932
05.02.19;20:00;48,694
05.02.19;21:00;46,47
05.02.19;22:00;39,668
05.02.19;23:00;36,906
06.02.19;00:00;29,604
06.02.19;01:00;19,048
06.02.19;02:00;25,033
06.02.19;03:00;27,152
06.02.19;04:00;31,276
06.02.19;05:00;
06.02.19;06:00;29,273
06.02.19;07:00;34,91
06.02.19;08:00;63,13
06.02.19;09:00;49,231
06.02.19;10:00;53,673
06.02.19;11:00;49,815
06.02.19;12:00;63,094
06.02.19;13:00;57,595
06.02.19;14:00;55,951
06.02.19;15:00;55,932
06.02.19;16:00;62,178
06.02.19;17:00;63,188
06.02.19;18:00;67,772
06.02.19;19:00;77,45
06.02.19;20:00;65,321
06.02.19;21:00;49,08
06.02.19;22:00;49,139
06.02.19;23:00;43,675
07.02.19;00:00;41,455
07.02.19;01:00;37,915
07.02.19;02:00;34,523
07.02.19;03:00;28,252
07.02.19;04:00;24,321
07.02.19;05:00;25,559
07.02.19;06:00;26,471
07.02.19;07:00;38,466
07.02.19;08:00;45,674
07.02.19;09:00;42,475
07.02.19;10:00;40,091
07.02.19;11:00;47,516
07.02.19;12:00;47,019
07.02.19;13:00;33,535
07.02.19;14:00;36,962
07.02.19;15:00;39,253
07.02.19;16:00;40,104
07.02.19;17:00;48,347
07.02.19;18:00;41,695
07.02.19;19:00;37,575
07.02.19;20:00;36,344
07.02.19;21:00;26,587
07.02.19;22:00;23,821
07.02.19;23:00;
08.02.19;00:00;21,586
08.02.19;01:00;15,188
08.02.19;02:00;11,278
08.02.19;03:00;12,304
08.02.19;04:00;13,332
08.02.19;05:00;11,86
08.02.19;06:00;18,292
08.02.19;07:00;34,277
08.02.19;08:00;56,457
08.02.19;09:00;50,612
08.02.19;10:00;51,212
08.02.19;11:00;50,173
08.02.19;12:00;50,795
08.02.19;13:00;57,256
08.02.19;14:00;34,969
08.02.19;15:00;49,408
08.02.19;16:00;38,442
08.02.19;17:00;39,046
08.02.19;18:00;41,206
08.02.19;19:00;37,823
08.02.19;20:00;29,263
08.02.19;21:00;23,792
08.02.19;22:00;20,38
08.02.19;23:00;18,972
09.02.19;00:00;
09.02.19;01:00;15,451
09.02.19;02:00;12,813
09.02.19;03:00;13,063
09.02.19;04:00;16,375
09.02.19;05:00;13,404
09.02.19;06:00;18,482
09.02.19;07:00;14,489
09.02.19;08:00;12,648
09.02.19;09:00;19,315
09.02.19;10:00;20,074
09.02.19;11:00;27,622
09.02.19;12:00;29,138
09.02.19;13:00;23,776
09.02.19;14:00;50,576
09.02.19;15:00;36,244
09.02.19;16:00;32,904
09.02.19;17:00;25,986
09.02.19;18:00;21,063
09.02.19;19:00;28,261
09.02.19;20:00;25,404
09.02.19;21:00;20,08
09.02.19;22:00;30,346
09.02.19;23:00;38,525
10.02.19;00:00;31,041
10.02.19;01:00;
10.02.19;02:00;35,433
10.02.19;03:00;31,939
10.02.19;04:00;35,259
10.02.19;05:00;33,289
10.02.19;06:00;25,656
10.02.19;07:00;18,416
10.02.19;08:00;18,195
10.02.19;09:00;16,428
10.02.19;10:00;30,906
10.02.19;11:00;37,148
10.02.19;12:00;39,4
10.02.19;13:00;34,756
10.02.19;14:00;39,641
10.02.19;15:00;29,282
10.02.19;16:00;35,347
10.02.19;17:00;27,974
10.02.19;18:00;26,175
10.02.19;19:00;21,12
10.02.19;20:00;23,866
10.02.19;21:00;31,182
10.02.19;22:00;33,102
10.02.19;23:00;18,276
11.02.19;00:00;11,935
11.02.19;01:00;11,115
11.02.19;02:00;
11.02.19;03:00;11,615
11.02.19;04:00;8,557
11.02.19;05:00;10,307
11.02.19;06:00;16,018
11.02.19;07:00;25,354
11.02.19;08:00;59,912
11.02.19;09:00;54,793
11.02.19;10:00;46,907
11.02.19;11:00;29,968
11.02.19;12:00;14,497
11.02.19;13:00;14,165
11.02.19;14:00;16,764
11.02.19;15:00;17,591
11.02.19;16:00;15,17
11.02.19;17:00;19,575
11.02.19;18:00;23,174
11.02.19;19:00;22,937
11.02.19;20:00;36,578
11.02.19;21:00;34,625
11.02.19;22:00;17,708
11.02.19;23:00;11,97
12.02.19;00:00;16,88
12.02.19;01:00;16,777
12.02.19;02:00;11,021
12.02.19;03:00;
12.02.19;04:00;11,491
12.02.19;05:00;11,645
12.02.19;06:00;24,232
12.02.19;07:00;38,006
12.02.19;08:00;68,959
12.02.19;09:00;66,109
12.02.19;10:00;60,854
12.02.19;11:00;52,959
12.02.19;12:00;52,682
12.02.19;13:00;40,627
12.02.19;14:00;42,031
12.02.19;15:00;38,131
12.02.19;16:00;56,796
12.02.19;17:00;60,902
12.02.19;18:00;82,62
12.02.19;19:00;67,198
12.02.19;20:00;58,699
12.02.19;21:00;64,867
12.02.19;22:00;52,068
12.02.19;23:00;42,176
13.02.19;00:00;29,691
13.02.19;01:00;26,064
13.02.19;02:00;24,197
13.02.19;03:00;22,757
13.02.19;04:00;
13.02.19;05:00;21,08
13.02.19;06:00;29,062
13.02.19;07:00;32,253
13.02.19;08:00;40,148
13.02.19;09:00;50,569
13.02.19;10:00;46,27
13.02.19;11:00;53,507
13.02.19;12:00;40,427
13.02.19;13:00;45,566
13.02.19;14:00;51,619
13.02.19;15:00;41,596
13.02.19;16:00;49,345
13.02.19;17:00;68,609
13.02.19;18:00;57,372
13.02.19;19:00;75,208
13.02.19;20:00;57,801
13.02.19;21:00;48,601
13.02.19;22:00;46,57
13.02.19;23:00;46,052
14.02.19;00:00;44,126
14.02.19;01:00;35,428
14.02.19;02:00;31,291
14.02.19;03:00;30,774
14.02.19;04:00;30,33
14.02.19;05:00;
14.02.19;06:00;38,816
14.02.19;07:00;48,39
14.02.19;08:00;48,738
14.02.19;09:00;67,089
14.02.19;10:00;68,305
14.02.19;11:00;73,607
14.02.19;12:00;77,03
14.02.19;13:00;64,383
14.02.19;14:00;65,259
14.02.19;15:00;69,535
14.02.19;16:00;74,893
14.02.19;17:00;93,03
14.02.19;18:00;101,243
14.02.19;19:00;105,317
14.02.19;20:00;91,134
14.02.19;21:00;88,329
14.02.19;22:00;88,176
14.02.19;23:00;81,032
15.02.19;00:00;82,602
15.02.19;01:00;73,603
15.02.19;02:00;66,85
15.02.19;03:00;62,609
15.02.19;04:00;57,244
15.02.19;05:00;61,486
15.02.19;06:00;67,522
15.02.19;07:00;79,815
15.02.19;08:00;90,283
15.02.19;09:00;97,778
15.02.19;10:00;88,452
15.02.19;11:00;86,567
15.02.19;12:00;80,536
15.02.19;13:00;70,23
15.02.19;14:00;88,229
15.02.19;15:00;77,427
15.02.19;16:00;77,297
15.02.19;17:00;93,883
15.02.19;18:00;100,542
15.02.19;19:00;98,659
15.02.19;20:00;101,554
15.02.19;21:00;86,648
15.02.19;22:00;77,99
15.02.19;23:00;
16.02.19;00:00;75,18
16.02.19;01:00;57,428
16.02.19;02:00;76,604
16.02.19;03:00;67,399
16.02.19;04:00;72,28
16.02.19;05:00;55,101
16.02.19;06:00;50,257
16.02.19;07:00;54,086
16.02.19;08:00;55,93
16.02.19;09:00;61,492
16.02.19;10:00;60,179
16.02.19;11:00;47,46
16.02.19;12:00;57,612
16.02.19;13:00;56,806
16.02.19;14:00;75,32
16.02.19;15:00;70,512
16.02.19;16:00;72,5
16.02.19;17:00;86,805
16.02.19;18:00;88,47
16.02.19;19:00;100,96
16.02.19;20:00;84,712
16.02.19;21:00;77,595
16.02.19;22:00;70,983
16.02.19;23:00;71,624
17.02.19;00:00;
17.02.19;01:00;75,147
17.02.19;02:00;74,842
17.02.19;03:00;69,895
17.02.19;04:00;72,17
17.02.19;05:00;59,513
17.02.19;06:00;56,645
17.02.19;07:00;58,506
17.02.19;08:00;51,259
17.02.19;09:00;54,715
17.02.19;10:00;50,828
17.02.19;11:00;51,452
17.02.19;12:00;52,561
17.02.19;13:00;51,38
17.02.19;14:00;57,982
17.02.19;15:00;66,026
17.02.19;16:00;76,845
17.02.19;17:00;74,743
17.02.19;18:00;85,369
17.02.19;19:00;89,408
17.02.19;20:00;87,836
17.02.19;21:00;76,302
17.02.19;22:00;67,465
17.02.19;23:00;67,533
18.02.19;00:00;57,378
18.02.19;01:00;
18.02.19;02:00;49,097
18.02.19;03:00;43,485
18.02.19;04:00;40,672
18.02.19;05:00;44,974
18.02.19;06:00;61,253
18.02.19;07:00;78,169
18.02.19;08:00;102,482
18.02.19;09:00;88,196
18.02.19;10:00;75,472
18.02.19;11:00;78,29
18.02.19;12:00;
18.02.19;13:00;
18.02.19;14:00;
18.02.19;15:00;
18.02.19;16:00;84,37
18.02.19;17:00;94,757
18.02.19;18:00;117,084
18.02.19;19:00;103,291
18.02.19;20:00;123,064
18.02.19;21:00;107,063
18.02.19;22:00;87,166
18.02.19;23:00;78,925
19.02.19;00:00;74,761
19.02.19;01:00;58,728
19.02.19;02:00;59,574
19.02.19;03:00;51,805
19.02.19;04:00;29,428
19.02.19;05:00;19,084
19.02.19;06:00;26,582
19.02.19;07:00;36,276
19.02.19;08:00;49,834
19.02.19;09:00;46,868
19.02.19;10:00;41,164
19.02.19;11:00;34,626
19.02.19;12:00;43,747
19.02.19;13:00;32,559
19.02.19;14:00;
19.02.19;15:00;
19.02.19;16:00;
19.02.19;17:00;50,063
19.02.19;18:00;50,739
19.02.19;19:00;49,276
19.02.19;20:00;39,801
19.02.19;21:00;31,045
19.02.19;22:00;29,043
19.02.19;23:00;
20.02.19;00:00;21,253
20.02.19;01:00;18,343
20.02.19;02:00;19,047
20.02.19;03:00;17,873
20.02.19;04:00;18,029
20.02.19;05:00;17,492
20.02.19;06:00;25,095
20.02.19;07:00;36,614
20.02.19;08:00;58,37
20.02.19;09:00;66,925
20.02.19;10:00;58,078
20.02.19;11:00;52,255
20.02.19;12:00;51,136
20.02.19;13:00;42,369
20.02.19;14:00;50,531
20.02.19;15:00;55,539
20.02.19;16:00;58,072
20.02.19;17:00;60,798
20.02.19;18:00;67,683
20.02.19;19:00;71,349
20.02.19;20:00;52,399
20.02.19;21:00;45,524
20.02.19;22:00;39,115
20.02.19;23:00;45,65
21.02.19;00:00;
21.02.19;01:00;26,489
21.02.19;02:00;23,144
21.02.19;03:00;20,524
21.02.19;04:00;20,359
21.02.19;05:00;19,51
21.02.19;06:00;35,595
21.02.19;07:00;31,825
21.02.19;08:00;61,659
21.02.19;09:00;58,105
21.02.19;10:00;55,421
21.02.19;11:00;51,814
21.02.19;12:00;49,006
21.02.19;13:00;33,784
21.02.19;14:00;38,057
21.02.19;15:00;47,541
21.02.19;16:00;48,738
21.02.19;17:00;63,614
21.02.19;18:00;62,25
21.02.19;19:00;53,335
21.02.19;20:00;50,399
21.02.19;21:00;32,716
21.02.19;22:00;27,951
21.02.19;23:00;29,162
22.02.19;00:00;30,332
22.02.19;01:00;
22.02.19;02:00;17,483
22.02.19;03:00;13,459
22.02.19;04:00;13,822
22.02.19;05:00;17,352
22.02.19;06:00;25,972
22.02.19;07:00;27,988
22.02.19;08:00;49,41
22.02.19;09:00;59,771
22.02.19;10:00;62,447
22.02.19;11:00;48,949
22.02.19;12:00;57,912
22.02.19;13:00;42,922
22.02.19;14:00;61,03
22.02.19;15:00;48,236
22.02.19;16:00;55,61
22.02.19;17:00;63,226
22.02.19;18:00;63,521
22.02.19;19:00;65,749
22.02.19;20:00;56,226
22.02.19;21:00;56,022
22.02.19;22:00;41,398
22.02.19;23:00;39,763
23.02.19;00:00;41,96
23.02.19;01:00;35,729
23.02.19;02:00;
23.02.19;03:00;26,518
23.02.19;04:00;32,769
23.02.19;05:00;27,032
23.02.19;06:00;27,366
23.02.19;07:00;39,592
23.02.19;08:00;33,692
23.02.19;09:00;32,542
23.02.19;10:00;45,004
23.02.19;11:00;48,403
23.02.19;12:00;52,361
23.02.19;13:00;64,097
23.02.19;14:00;69,755
23.02.19;15:00;63,497
23.02.19;16:00;59,37
23.02.19;17:00;64,53
23.02.19;18:00;63,383
23.02.19;19:00;72,371
23.02.19;20:00;79,003
23.02.19;21:00;71,498
23.02.19;22:00;67,955
23.02.19;23:00;61,856
24.02.19;00:00;54,27
24.02.19;01:00;60,838
24.02.19;02:00;58,009
24.02.19;03:00;
24.02.19;04:00;50,722
24.02.19;05:00;48,815
24.02.19;06:00;48,221
24.02.19;07:00;41,271
24.02.19;08:00;42,725
24.02.19;09:00;45,16
24.02.19;10:00;50,84
24.02.19;11:00;47,309
24.02.19;12:00;49,56
24.02.19;13:00;57,059
24.02.19;14:00;52,426
24.02.19;15:00;65,478
24.02.19;16:00;66,992
24.02.19;17:00;71,557
24.02.19;18:00;101,188
24.02.19;19:00;144,69
24.02.19;20:00;134,45
24.02.19;21:00;117,006
24.02.19;22:00;111,688
24.02.19;23:00;99,178
25.02.19;00:00;88,441
25.02.19;01:00;89,03
25.02.19;02:00;71,573
25.02.19;03:00;60,979
25.02.19;04:00;
25.02.19;05:00;50,864
25.02.19;06:00;64,927
25.02.19;07:00;81,395
25.02.19;08:00;95,63
25.02.19;09:00;99,517
25.02.19;10:00;116,734
25.02.19;11:00;86,288
25.02.19;12:00;84,539
25.02.19;13:00;71,257
25.02.19;14:00;64,609
25.02.19;15:00;66,237
25.02.19;16:00;86,525
25.02.19;17:00;90,616
25.02.19;18:00;99,822
25.02.19;19:00;141,057
25.02.19;20:00;122,817
25.02.19;21:00;100,312
25.02.19;22:00;105,475
25.02.19;23:00;85,461
26.02.19;00:00;74,314
26.02.19;01:00;65,731
26.02.19;02:00;57,493
26.02.19;03:00;52,775
26.02.19;04:00;49,168
26.02.19;05:00;
26.02.19;06:00;53,629
26.02.19;07:00;69,232
26.02.19;08:00;90,67
26.02.19;09:00;105,247
26.02.19;10:00;90,516
26.02.19;11:00;77,737
26.02.19;12:00;89,996
26.02.19;13:00;80,149
26.02.19;14:00;65,9
26.02.19;15:00;60,789
26.02.19;16:00;67,307
26.02.19;17:00;100,389
26.02.19;18:00;111,42
26.02.19;19:00;159,738
26.02.19;20:00;143,56
26.02.19;21:00;125,799
26.02.19;22:00;106,727
26.02.19;23:00;98,412
27.02.19;00:00;85,626
27.02.19;01:00;73,527
27.02.19;02:00;66,207
27.02.19;03:00;67,65
27.02.19;04:00;60,341
27.02.19;05:00;60,367
27.02.19;06:00;66,684
27.02.19;07:00;84,881
27.02.19;08:00;138,676
27.02.19;09:00;125,581
27.02.19;10:00;105,901
27.02.19;11:00;85,747
27.02.19;12:00;80,913
27.02.19;13:00;69,847
27.02.19;14:00;93,599
27.02.19;15:00;79,146
27.02.19;16:00;73,544
27.02.19;17:00;87,49
27.02.19;18:00;94,058
27.02.19;19:00;99,42
27.02.19;20:00;100,533
27.02.19;21:00;83,865
27.02.19;22:00;79,107
27.02.19;23:00;
28.02.19;00:00;72,53
28.02.19;01:00;55,853
28.02.19;02:00;51,392
28.02.19;03:00;50,752
28.02.19;04:00;46,411
28.02.19;05:00;48,746
28.02.19;06:00;59,153
28.02.19;07:00;62,985
28.02.19;08:00;76,481
28.02.19;09:00;75,532
28.02.19;10:00;60,433
28.02.19;11:00;60,055
28.02.19;12:00;38,637
28.02.19;13:00;46,958
28.02.19;14:00;50,148
28.02.19;15:00;54,143
28.02.19;16:00;52,787
28.02.19;17:00;74,808
28.02.19;18:00;83,045
28.02.19;19:00;87,115
28.02.19;20:00;68,03
28.02.19;21:00;63,319
28.02.19;22:00;57,318
28.02.19;23:00;55,354
01.03.19;00:00;
01.03.19;01:00;43,034
01.03.19;02:00;43,895
01.03.19;03:00;40,069
01.03.19;04:00;37,676
01.03.19;05:00;28,922
01.03.19;06:00;21,063
01.03.19;07:00;29,328
01.03.19;08:00;32,594
01.03.19;09:00;37,314
01.03.19;10:00;43,24
01.03.19;11:00;34,934
01.03.19;12:00;37,472
01.03.19;13:00;24,298
01.03.19;14:00;23,481
01.03.19;15:00;33,313
01.03.19;16:00;39,221
01.03.19;17:00;46,914
01.03.19;18:00;40,001
01.03.19;19:00;47,31
01.03.19;20:00;48,903
01.03.19;21:00;38,361
01.03.19;22:00;42,952
01.03.19;23:00;44,735
02.03.19;00:00;52,415
02.03.19;01:00;
02.03.19;02:00;41,583
02.03.19;03:00;34,126
02.03.19;04:00;28,113
02.03.19;05:00;23,7
02.03.19;06:00;29,094
02.03.19;07:00;31,075
02.03.19;08:00;39,509
02.03.19;09:00;38,815
02.03.19;10:00;41,783
02.03.19;11:00;43,868
02.03.19;12:00;47,14
02.03.19;13:00;58,995
02.03.19;14:00;63,346
02.03.19;15:00;71,986
02.03.19;16:00;58,866
02.03.19;17:00;38,848
02.03.19;18:00;55,409
02.03.19;19:00;58,473
02.03.19;20:00;53,679
02.03.19;21:00;46,626
02.03.19;22:00;36,043
02.03.19;23:00;31,715
03.03.19;00:00;30,003
03.03.19;01:00;21,863
03.03.19;02:00;
03.03.19;03:00;16,65
03.03.19;04:00;17,195
03.03.19;05:00;16,547
03.03.19;06:00;13,379
03.03.19;07:00;8,539
03.03.19;08:00;10,6
03.03.19;09:00;13,063
03.03.19;10:00;12,86
03.03.19;11:00;16,757
03.03.19;12:00;29,283
03.03.19;13:00;36,326
03.03.19;14:00;51,197
03.03.19;15:00;37,542
03.03.19;16:00;32,75
03.03.19;17:00;26,815
03.03.19;18:00;23,715
03.03.19;19:00;19,273
03.03.19;20:00;22,471
03.03.19;21:00;26,295
03.03.19;22:00;21,687
03.03.19;23:00;18,89
04.03.19;00:00;19,274
04.03.19;01:00;9,974
04.03.19;02:00;7,26
04.03.19;03:00;
04.03.19;04:00;6,29
04.03.19;05:00;6,693
04.03.19;06:00;16,61
04.03.19;07:00;26,554
04.03.19;08:00;37,566
04.03.19;09:00;29,679
04.03.19;10:00;37,487
04.03.19;11:00;44,92
04.03.19;12:00;24,931
04.03.19;13:00;17,34
04.03.19;14:00;16,158
04.03.19;15:00;19,739
04.03.19;16:00;33,749
04.03.19;17:00;28,337
04.03.19;18:00;30,987
04.03.19;19:00;28,233
04.03.19;20:00;16,602
04.03.19;21:00;25,358
04.03.19;22:00;20,306
04.03.19;23:00;23,584
05.03.19;00:00;15,469
05.03.19;01:00;10,046
05.03.19;02:00;8,554
05.03.19;03:00;9,984
05.03.19;04:00;
05.03.19;05:00;8,464
05.03.19;06:00;18,842
05.03.19;07:00;33,116
05.03.19;08:00;55,739
05.03.19;09:00;50,449
05.03.19;10:00;43,525
05.03.19;11:00;42,519
05.03.19;12:00;30,008
05.03.19;13:00;27,151
05.03.19;14:00;30,119
05.03.19;15:00;40,391
05.03.19;16:00;35,911
05.03.19;17:00;55,551
05.03.19;18:00;65,737
05.03.19;19:00;86,333
05.03.19;20:00;78,997
05.03.19;21:00;81,601
05.03.19;22:00;66,54
05.03.19;23:00;52,787
06.03.19;00:00;48,306
06.03.19;01:00;36,734
06.03.19;02:00;31,923
06.03.19;03:00;39,295
06.03.19;04:00;32,32
06.03.19;05:00;
06.03.19;06:00;36,472
06.03.19;07:00;45,928
06.03.19;08:00;54,935
06.03.19;09:00;68,805
06.03.19;10:00;63,205
06.03.19;11:00;49,256
06.03.19;12:00;46,596
06.03.19;13:00;38,557
06.03.19;14:00;32,886
06.03.19;15:00;40,014
06.03.19;16:00;52,043
06.03.19;17:00;45,388
06.03.19;18:00;65,834
06.03.19;19:00;64,491
06.03.19;20:00;40,452
06.03.19;21:00;31,424
06.03.19;22:00;30,076
06.03.19;23:00;25,318
07.03.19;00:00;23,161
07.03.19;01:00;17,062
07.03.19;02:00;12,635
07.03.19;03:00;14,298
07.03.19;04:00;18,288
07.03.19;05:00;18,321
07.03.19;06:00;35,393
07.03.19;07:00;41,437
07.03.19;08:00;54,289
07.03.19;09:00;64,315
07.03.19;10:00;30,397
07.03.19;11:00;25,972
07.03.19;12:00;30,962
07.03.19;13:00;27,669
07.03.19;14:00;37,422
07.03.19;15:00;32,801
07.03.19;16:00;36,952
07.03.19;17:00;41,523
07.03.19;18:00;68,69
07.03.19;19:00;39,126
07.03.19;20:00;33,941
07.03.19;21:00;23,689
07.03.19;22:00;20,992
07.03.19;23:00;
08.03.19;00:00;14,227
08.03.19;01:00;10,112
08.03.19;02:00;9,927
08.03.19;03:00;8,408
08.03.19;04:00;8,154
08.03.19;05:00;7,628
08.03.19;06:00;13,58
08.03.19;07:00;16,833
08.03.19;08:00;40,769
08.03.19;09:00;36,482
08.03.19;10:00;32,701
08.03.19;11:00;26,302
08.03.19;12:00;26,404
08.03.19;13:00;29,472
08.03.19;14:00;29,781
08.03.19;15:00;37,714
08.03.19;16:00;43,885
08.03.19;17:00;42,6
08.03.19;18:00;64,717
08.03.19;19:00;66,782
08.03.19;20:00;74,977
08.03.19;21:00;60,492
08.03.19;22:00;46,508
08.03.19;23:00;48,442
09.03.19;00:00;
09.03.19;01:00;31,24
09.03.19;02:00;20,732
09.03.19;03:00;25,289
09.03.19;04:00;18,657
09.03.19;05:00;16,825
09.03.19;06:00;14,135
09.03.19;07:00;18,684
09.03.19;08:00;17,482
09.03.19;09:00;18,893
09.03.19;10:00;22,153
09.03.19;11:00;17,934
09.03.19;12:00;24,563
09.03.19;13:00;22,734
09.03.19;14:00;34,919
09.03.19;15:00;23,895
09.03.19;16:00;31,105
09.03.19;17:00;36,595
09.03.19;18:00;20,543
09.03.19;19:00;21,86
09.03.19;20:00;25,851
09.03.19;21:00;23,993
09.03.19;22:00;27,139
09.03.19;23:00;32,094
10.03.19;00:00;24,961
10.03.19;01:00;
10.03.19;02:00;19,305
10.03.19;03:00;24,897
10.03.19;04:00;21,195
10.03.19;05:00;25,427
10.03.19;06:00;27,827
10.03.19;07:00;30,524
10.03.19;08:00;27,005
10.03.19;09:00;25,879
10.03.19;10:00;33,168
10.03.19;11:00;27,522
10.03.19;12:00;32,239
10.03.19;13:00;38,047
10.03.19;14:00;30,993
10.03.19;15:00;33,064
10.03.19;16:00;28,381
10.03.19;17:00;29,075
10.03.19;18:00;52,923
10.03.19;19:00;44,33
10.03.19;20:00;38,701
10.03.19;21:00;30,842
10.03.19;22:00;22,827
10.03.19;23:00;22,859
11.03.19;00:00;19,61
11.03.19;01:00;13,373
11.03.19;02:00;
11.03.19;03:00;10,117
11.03.19;04:00;10,641
11.03.19;05:00;11,377
11.03.19;06:00;18,912
11.03.19;07:00;24,76
11.03.19;08:00;44,015
11.03.19;09:00;57,022
11.03.19;10:00;68,104
11.03.19;11:00;77,127
11.03.19;12:00;54,387
11.03.19;13:00;55,616
11.03.19;14:00;61,461
11.03.19;15:00;39,749
11.03.19;16:00;58,474
11.03.19;17:00;37,635
11.03.19;18:00;42,944
11.03.19;19:00;24,152
11.03.19;20:00;37,022
11.03.19;21:00;55,323
11.03.19;22:00;52,866
11.03.19;23:00;39,765
12.03.19;00:00;34,693
12.03.19;01:00;22,265
12.03.19;02:00;14,807
12.03.19;03:00;
12.03.19;04:00;14,29
12.03.19;05:00;16,151
12.03.19;06:00;27,846
12.03.19;07:00;40,435
12.03.19;08:00;54,17
12.03.19;09:00;49,451
12.03.19;10:00;48,389
12.03.19;11:00;48,805
12.03.19;12:00;44,896
12.03.19;13:00;38,812
12.03.19;14:00;35,932
12.03.19;15:00;37,186
12.03.19;16:00;34,908
12.03.19;17:00;29,744
12.03.19;18:00;52,632
12.03.19;19:00;42,451
12.03.19;20:00;39,747
12.03.19;21:00;27,925
12.03.19;22:00;20,628
12.03.19;23:00;27,824
13.03.19;00:00;11,33
13.03.19;01:00;6,357
13.03.19;02:00;7,815
13.03.19;03:00;9,73
13.03.19;04:00;
13.03.19;05:00;10,197
13.03.19;06:00;18,045
13.03.19;07:00;25,687
13.03.19;08:00;51,443
13.03.19;09:00;41,766
13.03.19;10:00;31,166
13.03.19;11:00;39,578
13.03.19;12:00;31,521
13.03.19;13:00;29,76
13.03.19;14:00;36,192
13.03.19;15:00;33,495
13.03.19;16:00;49,909
13.03.19;17:00;36,465
13.03.19;18:00;39,423
13.03.19;19:00;24,458
13.03.19;20:00;26,434
13.03.19;21:00;22,24
13.03.19;22:00;17,862
13.03.19;23:00;19,029
14.03.19;00:00;13,859
14.03.19;01:00;12,929
14.03.19;02:00;11,594
14.03.19;03:00;10,085
14.03.19;04:00;10,094
14.03.19;05:00;
14.03.19;06:00;19,469
14.03.19;07:00;27,028
14.03.19;08:00;58,637
14.03.19;09:00;59,276
14.03.19;10:00;53,797
14.03.19;11:00;47,036
14.03.19;12:00;39,501
14.03.19;13:00;43,639
14.03.19;14:00;35,387
14.03.19;15:00;54,347
14.03.19;16:00;63,354
14.03.19;17:00;38,274
14.03.19;18:00;30,84
14.03.19;19:00;21,721
14.03.19;20:00;33,147
14.03.19;21:00;23,231
14.03.19;22:00;22,272
14.03.19;23:00;14,458
15.03.19;00:00;19,795
15.03.19;01:00;12,614
15.03.19;02:00;9,012
15.03.19;03:00;10,311
15.03.19;04:00;12,939
15.03.19;05:00;12,899
15.03.19;06:00;21,121
15.03.19;07:00;38,493
15.03.19;08:00;51,898
15.03.19;09:00;57,338
15.03.19;10:00;50,472
15.03.19;11:00;44,666
15.03.19;12:00;50,61
15.03.19;13:00;32,128
15.03.19;14:00;32,721
15.03.19;15:00;10,942
15.03.19;16:00;18,243
15.03.19;17:00;18,197
15.03.19;18:00;24,19
15.03.19;19:00;19,877
15.03.19;20:00;24,774
15.03.19;21:00;17,106
15.03.19;22:00;21,704
15.03.19;23:00;
16.03.19;00:00;27,309
16.03.19;01:00;18,903
16.03.19;02:00;16,994
16.03.19;03:00;16,511
16.03.19;04:00;15,895
16.03.19;05:00;17,974
16.03.19;06:00;16,754
16.03.19;07:00;25,18
16.03.19;08:00;30,525
16.03.19;09:00;26,784
16.03.19;10:00;47,908
16.03.19;11:00;51,845
16.03.19;12:00;63,787
16.03.19;13:00;54,394
16.03.19;14:00;53,854
16.03.19;15:00;48,096
16.03.19;16:00;34,714
16.03.19;17:00;31,163
16.03.19;18:00;28,04
16.03.19;19:00;28,355
16.03.19;20:00;24,543
16.03.19;21:00;22,351
16.03.19;22:00;21,239
16.03.19;23:00;33,68
17.03.19;00:00;
17.03.19;01:00;24,097
17.03.19;02:00;23,499
17.03.19;03:00;20,419
17.03.19;04:00;20,235
17.03.19;05:00;20,242
17.03.19;06:00;14,835
17.03.19;07:00;13,382
17.03.19;08:00;11,996
17.03.19;09:00;14,932
17.03.19;10:00;14,224
17.03.19;11:00;17,309
17.03.19;12:00;18,15
17.03.19;13:00;23,066
17.03.19;14:00;19,274
17.03.19;15:00;31,799
17.03.19;16:00;31,084
17.03.19;17:00;25,042
17.03.19;18:00;24,178
17.03.19;19:00;25,533
17.03.19;20:00;26,325
17.03.19;21:00;24,99
17.03.19;22:00;28,547
17.03.19;23:00;23,967
18.03.19;00:00;13,911
18.03.19;01:00;
18.03.19;02:00;10,255
18.03.19;03:00;7,954
18.03.19;04:00;8,011
18.03.19;05:00;8,573
18.03.19;06:00;16,576
18.03.19;07:00;22,217
18.03.19;08:00;40,203
18.03.19;09:00;47,423
18.03.19;10:00;45,112
18.03.19;11:00;35,269
18.03.19;12:00;27,067
18.03.19;13:00;18,654
18.03.19;14:00;29,511
18.03.19;15:00;23,761
18.03.19;16:00;25,431
18.03.19;17:00;24,355
18.03.19;18:00;27,404
18.03.19;19:00;41,202
18.03.19;20:00;29,275
18.03.19;21:00;48,994
18.03.19;22:00;45,959
18.03.19;23:00;40,598
19.03.19;00:00;33,822
19.03.19;01:00;25,333
19.03.19;02:00;
19.03.19;03:00;16,287
19.03.19;04:00;19,192
19.03.19;05:00;26,07
19.03.19;06:00;45,036
19.03.19;07:00;56,257
19.03.19;08:00;74,276
19.03.19;09:00;67,217
19.03.19;10:00;56,454
19.03.19;11:00;43,081
19.03.19;12:00;33,486
19.03.19;13:00;32,274
19.03.19;14:00;27,99
19.03.19;15:00;35,014
19.03.19;16:00;30,507
19.03.19;17:00;56,12
19.03.19;18:00;58,16
19.03.19;19:00;75,066
19.03.19;20:00;108,177
19.03.19;21:00;100,239
19.03.19;22:00;88,7
19.03.19;23:00;78,348
20.03.19;00:00;61,426
20.03.19;01:00;46,28
20.03.19;02:00;31,856
20.03.19;03:00;
20.03.19;04:00;25,462
20.03.19;05:00;27,299
20.03.19;06:00;42,48
20.03.19;07:00;50,762
20.03.19;08:00;81,559
20.03.19;09:00;71,609
20.03.19;10:00;63,713
20.03.19;11:00;49,353
20.03.19;12:00;46,333
20.03.19;13:00;51,3
20.03.19;14:00;59,64
20.03.19;15:00;48,842
20.03.19;16:00;49,202
20.03.19;17:00;65,917
20.03.19;18:00;56,597
20.03.19;19:00;54,729
20.03.19;20:00;56,276
20.03.19;21:00;49,616
20.03.19;22:00;53,479
20.03.19;23:00;46,17
21.03.19;00:00;39,356
21.03.19;01:00;29,68
21.03.19;02:00;31,337
21.03.19;03:00;24,426
21.03.19;04:00;
21.03.19;05:00;14,846
21.03.19;06:00;27,604
21.03.19;07:00;40,066
21.03.19;08:00;57,051
21.03.19;09:00;60,004
21.03.19;10:00;50,501
21.03.19;11:00;49,498
21.03.19;12:00;38,077
21.03.19;13:00;42,364
21.03.19;14:00;44,541
21.03.19;15:00;44,992
21.03.19;16:00;51,286
21.03.19;17:00;53,413
21.03.19;18:00;47,997
21.03.19;19:00;34,905
21.03.19;20:00;41,725
21.03.19;21:00;30,57
21.03.19;22:00;28,847
21.03.19;23:00;31,76
22.03.19;00:00;25,475
22.03.19;01:00;18,434
22.03.19;02:00;14,846
22.03.19;03:00;21,015
22.03.19;04:00;22,766
22.03.19;05:00;
22.03.19;06:00;25,912
22.03.19;07:00;39,664
22.03.19;08:00;43,482
22.03.19;09:00;62,077
22.03.19;10:00;48,742
22.03.19;11:00;46,37
22.03.19;12:00;53,492
22.03.19;13:00;44,427
22.03.19;14:00;59,761
22.03.19;15:00;46,513
22.03.19;16:00;49,038
22.03.19;17:00;63,91
22.03.19;18:00;58,963
22.03.19;19:00;90,086
22.03.19;20:00;123,336
22.03.19;21:00;117,75
22.03.19;22:00;106,109
22.03.19;23:00;104,739
23.03.19;00:00;85,854
23.03.19;01:00;49,146
23.03.19;02:00;16,873
23.03.19;03:00;26,906
23.03.19;04:00;29,131
23.03.19;05:00;21,358
23.03.19;06:00;23,487
23.03.19;07:00;24,474
23.03.19;08:00;30,978
23.03.19;09:00;24,517
23.03.19;10:00;42,715
23.03.19;11:00;42,857
23.03.19;12:00;29,789
23.03.19;13:00;31,425
23.03.19;14:00;30,629
23.03.19;15:00;30,899
23.03.19;16:00;25,552
23.03.19;17:00;25,583
23.03.19;18:00;33,166
23.03.19;19:00;29,653
23.03.19;20:00;43,395
23.03.19;21:00;52,736
23.03.19;22:00;53,699
23.03.19;23:00;
24.03.19;00:00;51,184
24.03.19;01:00;47,559
24.03.19;02:00;49,407
24.03.19;03:00;38,016
24.03.19;04:00;45,88
24.03.19;05:00;34,979
24.03.19;06:00;35,184
24.03.19;07:00;42,382
24.03.19;08:00;41,492
24.03.19;09:00;34,134
24.03.19;10:00;27,372
24.03.19;11:00;32,07
24.03.19;12:00;35,009
24.03.19;13:00;24,401
24.03.19;14:00;20,829
24.03.19;15:00;16,589
24.03.19;16:00;26,951
24.03.19;17:00;28,918
24.03.19;18:00;33,525
24.03.19;19:00;27,146
24.03.19;20:00;54,4
24.03.19;21:00;50,625
24.03.19;22:00;25,006
24.03.19;23:00;29,391
25.03.19;00:00;
25.03.19;01:00;11,41
25.03.19;02:00;10,357
25.03.19;03:00;8,818
25.03.19;04:00;8,838
25.03.19;05:00;8,991
25.03.19;06:00;19,58
25.03.19;07:00;36,065
25.03.19;08:00;46,491
25.03.19;09:00;62,186
25.03.19;10:00;38,617
25.03.19;11:00;19,98
25.03.19;12:00;20,363
25.03.19;13:00;15,687
25.03.19;14:00;18,791
25.03.19;15:00;17,189
25.03.19;16:00;26,305
25.03.19;17:00;23,614
25.03.19;18:00;18,241
25.03.19;19:00;22,653
25.03.19;20:00;27,719
25.03.19;21:00;23,256
25.03.19;22:00;18,348
25.03.19;23:00;21,97
26.03.19;00:00;18,994
26.03.19;01:00;
26.03.19;02:00;17,581
26.03.19;03:00;16,719
26.03.19;04:00;15,43
26.03.19;05:00;16,793
26.03.19;06:00;23,927
26.03.19;07:00;49,585
26.03.19;08:00;70,422
26.03.19;09:00;60,333
26.03.19;10:00;55,966
26.03.19;11:00;56,991
26.03.19;12:00;33,768
26.03.19;13:00;28,27
26.03.19;14:00;38,053
26.03.19;15:00;20,67
26.03.19;16:00;26,034
26.03.19;17:00;33,494
26.03.19;18:00;26,37
26.03.19;19:00;46,587
26.03.19;20:00;44,709
26.03.19;21:00;38,297
26.03.19;22:00;37,193
26.03.19;23:00;42,493
27.03.19;00:00;33,547
27.03.19;01:00;19,151
27.03.19;02:00;
27.03.19;03:00;15,686
27.03.19;04:00;16,92
27.03.19;05:00;18,903
27.03.19;06:00;26,044
27.03.19;07:00;32,72
27.03.19;08:00;71,015
27.03.19;09:00;54,489
27.03.19;10:00;55,834
27.03.19;11:00;47,82
27.03.19;12:00;46,026
27.03.19;13:00;49,698
27.03.19;14:00;34,157
27.03.19;15:00;31,244
27.03.19;16:00;43,296
27.03.19;17:00;60,637
27.03.19;18:00;65,51
27.03.19;19:00;54,384
27.03.19;20:00;63,988
27.03.19;21:00;49,747
27.03.19;22:00;43,223
27.03.19;23:00;32,696
28.03.19;00:00;29,036
28.03.19;01:00;23,435
28.03.19;02:00;18,801
28.03.19;03:00;
28.03.19;04:00;19,812
28.03.19;05:00;24,053
28.03.19;06:00;33,022
28.03.19;07:00;37,524
28.03.19;08:00;54,737
28.03.19;09:00;50,734
28.03.19;10:00;40,691
28.03.19;11:00;30,043
28.03.19;12:00;43,227
28.03.19;13:00;34,693
28.03.19;14:00;29,23
28.03.19;15:00;41,877
28.03.19;16:00;40,783
28.03.19;17:00;50,93
28.03.19;18:00;
28.03.19;19:00;
28.03.19;20:00;
28.03.19;21:00;
28.03.19;22:00;
28.03.19;23:00;
29.03.19;00:00;